{
    "lang": [
        {
            "welcometitle1":    "Carry medical history in your pocket",
            "welcomestartbutton":"Get Started",
            "welcomeloginbutton":"Already a member? Log in",
            "recordTitle":      "My Medical Records",
            "healthTitle":      "My Health Diary",
            "reminderTitle":    "My Reminders",
            "communityTitle":   "Community",
            "addphoto":         "Add Photo",
            "pill":             "1 Pill",
            "complaintnote":    "Any health complaint today?",
            "write":            "Write...",
            "create":           "Create Your Account",
            "fullname":         "Full Name",
            "lastname":         "Last Name",
            "gender":           "Gender",
            "select":           "Select",
            "dateofbirth":      "Date of Birth",
            "day":              "Day",
            "month":            "month",
            "year":             "Year",
            "phone":            "Phone Number",
            "email":            "Email Address",
            "password":         "Password",
            "confirm":          "Confirm Password",
            "addfamilymembertitle": "Add a Family Member",
            "addfamilydescription":" ",
            "addmedicalrecord":     "Add Your First Medical Record",
            "nutrition":            "NUTRITION",
            "by":                   "BY",
            "doctortitle":          "Doctor Speciality Name",
            "doctordescription":    "The description of the doctor specialty will go here and could take upto 2 lines",
            "result":               "Result Found",
            "search":               "Search Nearby Location",
            "dematologists":        "Dermatologists",
            "clinic":               "Clinic",
            "menu1":                "Family Profiles",
            "menu2":                "Saved Doctors",
            "menu3":                "Saved Articles",
            "menu4":                "App Settings",
            "menu5":                "Share the App",
            "menu6":                "Send Feedback",
            "menu7":                "About US",
            "menu8":                "Signout",
            "Home":                 "Home",
            "finddoctor":           "Find Doctor",
            "menu":                 "Menu",
            "familydescription":    "Add your family members to track their records, health diaries, and reminders.",
            "addfamilymember":      "Add Family Member",
            "firstmedicalreccord":  "Add Your First Medical Record",
            "username":         "username",
            "view_more" : "View More",
            "searchNearbyLocation" : "Search Nearby Location",
            "mobile" : "Mobile",
            "website" : "Website"

        },
        {
            "welcometitle1":    "إحفظ ملفاتك الطبية",
            "welcomestartbutton":"إبدأ الأن",
            "welcomeloginbutton":"تسجيل دخول",
            "recordTitle":      "ملفاتي الطبية",
            "healthTitle":      "يومياتي الصحية",
            "reminderTitle":    "التنبيهات الصحية",
            "communityTitle":   "المجتمع",
            "addphoto":         "أضف صورة",
            "pill":              "١ حبة",
            "complaintnote":    "هل تعاني من شيء اليوم؟ ",
            "write":            "أضف تعليق... ",
            "create":           "إنشء حسابك",
            "fullname":         "الاسم الأول",
            "lastname":         "الاسم الأخير",
            "username":         "الاسم",
            "gender":           "الجنس",
            "select":           "اختار",
            "dateofbirth":      "تاريخ الوالدة",
            "day":              "اليوم",
            "month":            "الشهر",
            "year":             "السنة",
            "phone":            "رقم الهاتف",
            "email":            "البريد الإلكتروني",
            "password":         "كلمة السر",
            "confirm":          "إعادة إدخال كلمة السر",
            "addmedicalrecord":     "انشئ ملفك الطبي الأول",
            "nutrition":            "تغذية",
            "by":                   "من",
            "doctortitle":          "اختصاص الحكيم يكون هنا",
            "doctordescription":   "وهي أن المحتوى المقروء الصفحة هناك حقيقة مثبتة منذ زمن طويل",
            "result":               "عدد النتائج",
            "search":               "ابحث من خلال الموقع الأقرب",
            "dematologists":        "جراحة عامة",
            "clinic":               "العيادة",
            "menu1":                "حسابي الشخصي",
            "menu2":                "ملفي الطبي",
            "menu3":                "حسابات العائلة",
            "menu4":                "الأطباء المحفوظة",
            "menu5":                "المقالات المحفوظة",
            "menu6":                "الإعدادات",
            "menu7":                "شارك التطبيق",
            "menu8":                "شاركنا الأراء",
            "Home":                 "الرئيسية",
            "finddoctor":           "ابحث عن طبيب",
            "menu":                 "القائمة",
            "familydescription":    "إلى من تريد إسناد هذا التنبيه الطبي",
            "addfamilymember":      "أضف شخص جديد",
            "firstmedicalreccord":  "انشئ ملفك الطبي الأول",
            "view_more" : "عرض المزيد",
            "searchNearbyLocation" : "البحث عن موقع قريب",
            "website" : "Website"

        }
    ]
}